driverId,name,ssn,location,certified,wage-plan
10,Kaitlyn Kelly,896-68-4074,"USNV Faulkner
FPO AA 01687",N,miles
11,Julie Hensley,794-20-9358,"Unit 3453 Box 0335
DPO AA 38356",Y,miles
12,Nicole Ward,389-62-4952,"1402 Carla Burg
Hopkinsmouth, ME 63328",Y,hours
13,Karen Hester MD,347-40-5827,"80787 Richard Spring
West Monique, MN 37126",N,hours
14,Timothy Moore,081-50-9767,"USCGC Cox
FPO AA 17068",Y,hours
15,Jesse Friedman,344-43-8728,"9333 Ferguson Inlet
South Andrew, AR 15556",N,miles
16,Tracey Martinez,684-61-6057,"544 James Point
East James, LA 71475",Y,miles
17,Robin Erickson,348-94-6762,"4667 Ariana Forest
West Joseph, IL 04515",N,hours
18,Patricia Nguyen,854-90-6402,"USNS Hill
FPO AA 01373",N,hours
19,James Murphy,524-09-7041,"78916 Jack Field
Lake Crystalbury, ND 16815",Y,hours
20,Monica Williams,846-40-1173,"2947 Richard Cape
Lake Tiffanyberg, VA 42604",Y,miles
21,David Wong,610-93-7742,"676 Brock Falls Apt. 618
Hawkinsview, AZ 73967",Y,hours
22,Denise Young,010-95-9184,"533 John Stravenue Suite 380
Thomasside, PW 93972",Y,miles
23,Miss Angela Shelton,429-20-7738,"40910 Ian Forge Suite 089
Herreraside, OH 41489",Y,miles
24,Joshua Barnett,133-05-9524,"Unit 1946 Box 6609
DPO AE 64667",N,hours
25,Gregory Lee,292-21-5950,"07797 Justin Roads Apt. 360
Zacharyburgh, MN 58783",N,hours
26,Jessica Duffy,673-82-3160,"841 Estrada Shores
North Frankstad, AL 01193",N,miles
27,Rebecca Smith,340-52-9216,"6953 Stone View
Anthonyton, PA 27210",N,hours
28,Tom Nichols,294-20-8981,"8730 Daniel Fords
Scottborough, MN 05017",N,hours
29,Anthony Griffin,495-57-1277,"7690 Aaron Spurs
Heatherberg, SC 91810",N,miles
30,Joel Acosta,548-76-5995,"52281 Perkins Walks Suite 561
West Carlos, MN 12186",N,hours
31,Elaine Lopez,599-50-2029,"Unit 2959 Box 4554
DPO AA 85712",Y,miles
32,Larry Miller,446-46-4952,"95728 Johnson Ports
Marymouth, VA 97251",Y,miles
33,Donald Palmer,003-30-6349,"0031 Jacqueline Stream
Higginsborough, NJ 26174",Y,hours
34,Henry Stephens,543-55-5407,"3008 John Groves
Websterbury, WV 66051",Y,miles
35,Theodore Washington,169-72-6974,"Unit 6200 Box 7544
DPO AP 12016",Y,miles
36,Victor Joseph,068-98-4354,"06795 Rosario Fords
East Destiny, PA 24859",N,hours
37,Jacob Miranda,176-51-8363,"7181 Mcguire Ports
New Sara, KS 28596",Y,miles
38,Mark Murray,299-07-4704,"PSC 8598, Box 9141
APO AA 93118",N,hours
39,Nicholas Mitchell,083-72-8087,"679 David Parkways
Port Aprilhaven, PR 60595",N,hours
40,Brooke Ayala,647-41-5942,"109 Lang Views Suite 484
East Jason, NJ 39053",N,miles
41,Johnny Stewart,442-24-9311,"561 Alvarado Plains
Wadestad, AL 13865",Y,hours
42,Matthew Ramirez,724-07-4843,"31604 Miller Port
North Audreyside, MO 38689",Y,hours
43,Brenda Macias,437-23-2492,"60283 Murphy Burg
Williamshaven, MN 99215",Y,miles
44,Nicholas Shah,250-64-3077,"52373 Anthony Club
Adamport, TN 57613",Y,miles
45,Travis Henson,595-62-0973,"31361 David Mission
Davidmouth, MT 02782",N,hours
46,Stacey Barnes,715-78-1687,"39432 William Skyway Apt. 831
Hooverville, MA 59512",N,miles
47,Denise Castillo,657-63-4683,"536 John Spurs
Davidland, ND 37102",Y,hours
48,Dr. Brent Parks,810-13-9823,"PSC 7293, Box 2634
APO AA 58154",N,miles
49,Melissa Robertson,890-20-2943,"09815 Eric Radial
Garybury, WV 74799",N,miles
50,Allen Hull,724-74-8191,"6114 Christopher Court Suite 440
South Jeffrey, NM 64303",N,hours
51,Jaime Garcia,012-46-1642,"3082 Haley Stravenue
North Nicole, MP 68464",N,hours
52,Jacob Murray,742-44-3224,"7649 Wilson Mount
North Debbie, WY 68040",Y,hours
53,James Berry,543-02-9782,"104 White Summit
Joneshaven, VT 25448",Y,hours
54,Gerald Gilbert,026-49-1984,"PSC 0104, Box 3741
APO AP 85250",Y,miles
55,Michael Baxter,421-92-5693,"86720 Christine Locks
West Rebeccaton, MN 94480",N,hours
56,Charles Lawson,459-54-3822,"367 Irwin Stravenue
East Richard, MH 88219",N,hours
57,Melissa Haney,121-34-7507,"87908 Cohen Wall Suite 763
Saramouth, WA 42007",Y,hours
58,Damon Roman,399-97-0172,"5740 Bennett Vista Suite 127
Michaelbury, MH 11051",N,hours
59,Todd Lowe,453-21-6514,"29340 Jessica Flat
Williamsside, MD 11435",Y,miles
60,Mary Allen,070-92-6757,"90927 Tyler Roads
West Kristin, MS 64797",Y,hours
61,Kimberly Davis,247-06-7746,"26210 Travis Greens Suite 813
Hoodtown, WV 05237",N,hours
62,Brenda Thompson,113-04-4129,"4275 Jennifer Overpass
East Tracy, KS 07762",N,hours
63,Monica Burns,274-04-9264,"991 Briggs Square
East Williammouth, AS 41530",N,hours
64,Kathryn Cooper,471-77-4527,"Unit 8849 Box 8758
DPO AE 35408",Y,miles
65,Sharon Clark,476-69-5728,"636 Martinez Plains
Port Carriestad, MD 14912",Y,miles
66,Richard Chapman,431-47-1348,"626 Monica Unions Apt. 610
Lake Michaelfurt, VA 36242",N,hours
67,Christopher Meyers,848-08-9550,"7769 Sanders Loaf Apt. 434
Port Kim, NY 30784",N,hours
68,Dawn Fowler,045-19-5410,"155 Johnny Gateway Suite 815
Thompsonhaven, MT 36527",Y,miles
69,Richard Mcdaniel,435-92-7130,"7312 Williams Passage Suite 641
Duranton, AS 90765",N,hours
70,Felicia Sharp,436-39-1288,"0493 James Views
North Patricia, MD 70109",N,hours
71,Christopher Myers,063-22-4761,"46618 Taylor Vista
West Steven, NE 25666",N,miles
72,David Peters,473-58-0250,"227 Ryan Station
Williamsview, NV 00798",N,hours
73,Douglas Thompson,545-91-1676,"18057 Luis Locks
Port William, MD 06555",Y,miles
74,Gina Miller,395-69-8382,"5298 John Groves
North Hannahfort, PW 22973",Y,hours
75,Juan Arellano,788-82-1934,"61480 Phillip Skyway Apt. 626
South Johnnyport, NE 52999",N,hours
76,Nathan Curry,784-47-5990,"382 Leonard Green Apt. 603
Johnnyland, NY 59986",N,miles
77,Linda Mcdonald,353-48-1170,"1379 Jonathan Shoals
New Jesseborough, ME 44097",N,miles
78,Gregory Schmidt,843-36-2691,"1621 Adam Path
West Matthewport, NY 97192",Y,hours
79,Sierra Ford,431-99-3358,"76603 Brenda Road
Floydburgh, AK 87286",N,hours
80,Michael Smith,258-22-2927,"70888 Kerr Brook Suite 668
Port Brittney, WA 54342",Y,hours
81,Joann Williams,373-08-0125,"678 Beasley Villages Suite 223
South Davidport, AK 11212",N,hours
82,Erin Miller,673-84-7489,"2398 Hoover Ramp Apt. 588
Robertsborough, MA 66360",Y,hours
83,Melinda Tucker,301-11-5608,"USS Orozco
FPO AA 32536",Y,hours
84,Jeremy Robinson,769-74-6322,"928 Wilson Roads Suite 673
North Jennyside, NH 99029",Y,hours
85,Shawn Harvey,895-15-8304,"387 Smith Lane Apt. 576
Lake Johnchester, AK 57582",Y,hours
86,Elizabeth Sanchez,704-28-9812,"78657 Amanda Falls Apt. 860
Reynoldsview, TX 45413",N,hours
87,Mark Johnson,819-06-1787,"5710 Peters Avenue Suite 073
Port Michaeltown, WA 74064",N,hours
88,Susan Obrien,845-47-1110,"2181 Christie Station
East Alan, PR 24926",Y,miles
89,Angelica Cannon,099-17-4929,"064 Joshua Union
North Jenniferville, GU 62505",N,hours
90,Cassandra Anderson,397-80-3919,"48572 Leon Mount Apt. 196
North Melissamouth, DC 34866",Y,miles
91,John Smith,189-74-3770,"316 Carter Harbors
West Jenniferton, SD 97509",Y,hours
92,Elizabeth Lopez,673-68-8622,"2798 Clark Extensions Suite 125
Port Luisberg, WV 08546",N,hours
93,Alfred Wise,601-39-4310,"5808 Mary Islands
Blanchardfurt, VT 04617",Y,miles
94,Adam Roberts,602-82-9095,"Unit 0556 Box 4168
DPO AE 97308",Y,miles
95,Raymond Quinn,652-12-6548,"277 Andrea Mill
Rodriguezshire, DC 32202",N,miles
96,Crystal Meyer,442-51-4992,"04028 Flores Well Apt. 092
Whitetown, TN 20779",Y,hours
97,Lindsay Bray,512-71-3610,"54187 Lowery Trafficway
Colemanshire, KY 91580",N,miles
98,Christopher Franklin,455-83-6149,"210 Lam Coves
West Johnchester, TN 26962",N,hours
99,Carrie Morris,453-77-4250,"6193 Carla Row
Lake Tiffany, CO 41125",Y,hours
100,David Jones,327-82-8050,"45285 Margaret Light
Brandiburgh, OR 58352",Y,miles
101,Ethan Miller,207-45-1850,"3802 Johnson Summit
Carolfurt, KS 02471",N,hours
102,Lisa Sherman,235-02-6095,"4307 Veronica Union
New Michelle, WA 29084",Y,hours
103,Maria Sosa,610-88-0980,"80707 Carson Lock
Lake Matthew, IA 13923",N,miles
104,Kelly Obrien,472-08-5037,"7454 Crystal Squares
Brownfurt, TX 49301",N,miles
105,Victoria Garcia,862-82-4474,"48684 Paul Lakes Suite 448
New Stephanie, FL 61870",N,miles
106,Edward Bowman,739-41-3066,"46330 Thomas Walks Suite 114
East Hectorside, DE 28779",Y,miles
107,Anna Blackburn,157-86-0073,"8702 Kevin Island Suite 956
Lake Lucasport, WV 86618",Y,hours
108,Rebecca Bruce,277-91-5486,"293 Kemp Manors Apt. 143
West Rachel, AZ 32228",Y,hours
109,Tonya Martin,023-57-6954,"USNV Holmes
FPO AP 84328",Y,hours
